revision,layout_sha256,季节近似,北京时间整点,枕点,太阳高度_deg,结果,首先遇到边界
R2,d9b4359b2b866b116cf96863e3055fa512a87d94c43bcca20d89990c7ed41a96,春分,6,bedA,-2.7,太阳在地平线下,
R2,d9b4359b2b866b116cf96863e3055fa512a87d94c43bcca20d89990c7ed41a96,春分,6,bedB,-2.7,太阳在地平线下,
R2,d9b4359b2b866b116cf96863e3055fa512a87d94c43bcca20d89990c7ed41a96,春分,6,bedC,-2.7,太阳在地平线下,
R2,d9b4359b2b866b116cf96863e3055fa512a87d94c43bcca20d89990c7ed41a96,春分,7,bedA,8.8,墙/门遮挡,A_C
R2,d9b4359b2b866b116cf96863e3055fa512a87d94c43bcca20d89990c7ed41a96,春分,7,bedB,8.8,墙/门遮挡,bath_north
R2,d9b4359b2b866b116cf96863e3055fa512a87d94c43bcca20d89990c7ed41a96,春分,7,bedC,8.8,墙/门遮挡,C_east
R2,d9b4359b2b866b116cf96863e3055fa512a87d94c43bcca20d89990c7ed41a96,春分,8,bedA,20.0,墙/门遮挡,A_C
R2,d9b4359b2b866b116cf96863e3055fa512a87d94c43bcca20d89990c7ed41a96,春分,8,bedB,20.0,墙/门遮挡,AB_east
R2,d9b4359b2b866b116cf96863e3055fa512a87d94c43bcca20d89990c7ed41a96,春分,8,bedC,20.0,墙/门遮挡,C_east
R2,d9b4359b2b866b116cf96863e3055fa512a87d94c43bcca20d89990c7ed41a96,春分,9,bedA,30.5,射线越过室内顶界；未穿窗,
R2,d9b4359b2b866b116cf96863e3055fa512a87d94c43bcca20d89990c7ed41a96,春分,9,bedB,30.5,射线越过室内顶界；未穿窗,
R2,d9b4359b2b866b116cf96863e3055fa512a87d94c43bcca20d89990c7ed41a96,春分,9,bedC,30.5,墙/门遮挡,C_east
R2,d9b4359b2b866b116cf96863e3055fa512a87d94c43bcca20d89990c7ed41a96,春分,10,bedA,39.7,射线越过室内顶界；未穿窗,
R2,d9b4359b2b866b116cf96863e3055fa512a87d94c43bcca20d89990c7ed41a96,春分,10,bedB,39.7,射线越过室内顶界；未穿窗,
R2,d9b4359b2b866b116cf96863e3055fa512a87d94c43bcca20d89990c7ed41a96,春分,10,bedC,39.7,墙/门遮挡,C_east
R2,d9b4359b2b866b116cf96863e3055fa512a87d94c43bcca20d89990c7ed41a96,春分,11,bedA,46.6,射线越过室内顶界；未穿窗,
R2,d9b4359b2b866b116cf96863e3055fa512a87d94c43bcca20d89990c7ed41a96,春分,11,bedB,46.6,射线越过室内顶界；未穿窗,
R2,d9b4359b2b866b116cf96863e3055fa512a87d94c43bcca20d89990c7ed41a96,春分,11,bedC,46.6,射线越过室内顶界；未穿窗,
R2,d9b4359b2b866b116cf96863e3055fa512a87d94c43bcca20d89990c7ed41a96,春分,12,bedA,49.9,射线越过室内顶界；未穿窗,
R2,d9b4359b2b866b116cf96863e3055fa512a87d94c43bcca20d89990c7ed41a96,春分,12,bedB,49.9,射线越过室内顶界；未穿窗,
R2,d9b4359b2b866b116cf96863e3055fa512a87d94c43bcca20d89990c7ed41a96,春分,12,bedC,49.9,射线越过室内顶界；未穿窗,
R2,d9b4359b2b866b116cf96863e3055fa512a87d94c43bcca20d89990c7ed41a96,春分,13,bedA,48.6,射线越过室内顶界；未穿窗,
R2,d9b4359b2b866b116cf96863e3055fa512a87d94c43bcca20d89990c7ed41a96,春分,13,bedB,48.6,射线越过室内顶界；未穿窗,
R2,d9b4359b2b866b116cf96863e3055fa512a87d94c43bcca20d89990c7ed41a96,春分,13,bedC,48.6,射线越过室内顶界；未穿窗,
R2,d9b4359b2b866b116cf96863e3055fa512a87d94c43bcca20d89990c7ed41a96,春分,14,bedA,43.3,玻璃可达,west_AB
R2,d9b4359b2b866b116cf96863e3055fa512a87d94c43bcca20d89990c7ed41a96,春分,14,bedB,43.3,射线越过室内顶界；未穿窗,
R2,d9b4359b2b866b116cf96863e3055fa512a87d94c43bcca20d89990c7ed41a96,春分,14,bedC,43.3,射线越过室内顶界；未穿窗,
R2,d9b4359b2b866b116cf96863e3055fa512a87d94c43bcca20d89990c7ed41a96,春分,15,bedA,35.0,墙/门遮挡,west_AB
R2,d9b4359b2b866b116cf96863e3055fa512a87d94c43bcca20d89990c7ed41a96,春分,15,bedB,35.0,墙/门遮挡,west_AB
R2,d9b4359b2b866b116cf96863e3055fa512a87d94c43bcca20d89990c7ed41a96,春分,15,bedC,35.0,墙/门遮挡,A_C
R2,d9b4359b2b866b116cf96863e3055fa512a87d94c43bcca20d89990c7ed41a96,春分,16,bedA,25.0,墙/门遮挡,west_AB
R2,d9b4359b2b866b116cf96863e3055fa512a87d94c43bcca20d89990c7ed41a96,春分,16,bedB,25.0,墙/门遮挡,west_AB
R2,d9b4359b2b866b116cf96863e3055fa512a87d94c43bcca20d89990c7ed41a96,春分,16,bedC,25.0,墙/门遮挡,A_C
R2,d9b4359b2b866b116cf96863e3055fa512a87d94c43bcca20d89990c7ed41a96,春分,17,bedA,14.1,墙/门遮挡,west_AB
R2,d9b4359b2b866b116cf96863e3055fa512a87d94c43bcca20d89990c7ed41a96,春分,17,bedB,14.1,墙/门遮挡,west_AB
R2,d9b4359b2b866b116cf96863e3055fa512a87d94c43bcca20d89990c7ed41a96,春分,17,bedC,14.1,墙/门遮挡,A_C
R2,d9b4359b2b866b116cf96863e3055fa512a87d94c43bcca20d89990c7ed41a96,春分,18,bedA,2.7,墙/门遮挡,west_AB
R2,d9b4359b2b866b116cf96863e3055fa512a87d94c43bcca20d89990c7ed41a96,春分,18,bedB,2.7,墙/门遮挡,west_AB
R2,d9b4359b2b866b116cf96863e3055fa512a87d94c43bcca20d89990c7ed41a96,春分,18,bedC,2.7,墙/门遮挡,A_C
R2,d9b4359b2b866b116cf96863e3055fa512a87d94c43bcca20d89990c7ed41a96,夏至,6,bedA,12.3,墙/门遮挡,north_A
R2,d9b4359b2b866b116cf96863e3055fa512a87d94c43bcca20d89990c7ed41a96,夏至,6,bedB,12.3,墙/门遮挡,A_south
R2,d9b4359b2b866b116cf96863e3055fa512a87d94c43bcca20d89990c7ed41a96,夏至,6,bedC,12.3,墙/门遮挡,C_east
R2,d9b4359b2b866b116cf96863e3055fa512a87d94c43bcca20d89990c7ed41a96,夏至,7,bedA,23.3,墙/门遮挡,north_A
R2,d9b4359b2b866b116cf96863e3055fa512a87d94c43bcca20d89990c7ed41a96,夏至,7,bedB,23.3,墙/门遮挡,A_south
R2,d9b4359b2b866b116cf96863e3055fa512a87d94c43bcca20d89990c7ed41a96,夏至,7,bedC,23.3,墙/门遮挡,C_east
R2,d9b4359b2b866b116cf96863e3055fa512a87d94c43bcca20d89990c7ed41a96,夏至,8,bedA,34.7,射线越过室内顶界；未穿窗,
R2,d9b4359b2b866b116cf96863e3055fa512a87d94c43bcca20d89990c7ed41a96,夏至,8,bedB,34.7,射线越过室内顶界；未穿窗,
R2,d9b4359b2b866b116cf96863e3055fa512a87d94c43bcca20d89990c7ed41a96,夏至,8,bedC,34.7,墙/门遮挡,C_east
R2,d9b4359b2b866b116cf96863e3055fa512a87d94c43bcca20d89990c7ed41a96,夏至,9,bedA,46.2,射线越过室内顶界；未穿窗,
R2,d9b4359b2b866b116cf96863e3055fa512a87d94c43bcca20d89990c7ed41a96,夏至,9,bedB,46.2,墙/门遮挡,AB_east
R2,d9b4359b2b866b116cf96863e3055fa512a87d94c43bcca20d89990c7ed41a96,夏至,9,bedC,46.2,墙/门遮挡,C_east
R2,d9b4359b2b866b116cf96863e3055fa512a87d94c43bcca20d89990c7ed41a96,夏至,10,bedA,57.3,射线越过室内顶界；未穿窗,
R2,d9b4359b2b866b116cf96863e3055fa512a87d94c43bcca20d89990c7ed41a96,夏至,10,bedB,57.3,射线越过室内顶界；未穿窗,
R2,d9b4359b2b866b116cf96863e3055fa512a87d94c43bcca20d89990c7ed41a96,夏至,10,bedC,57.3,射线越过室内顶界；未穿窗,
R2,d9b4359b2b866b116cf96863e3055fa512a87d94c43bcca20d89990c7ed41a96,夏至,11,bedA,67.3,射线越过室内顶界；未穿窗,
R2,d9b4359b2b866b116cf96863e3055fa512a87d94c43bcca20d89990c7ed41a96,夏至,11,bedB,67.3,射线越过室内顶界；未穿窗,
R2,d9b4359b2b866b116cf96863e3055fa512a87d94c43bcca20d89990c7ed41a96,夏至,11,bedC,67.3,射线越过室内顶界；未穿窗,
R2,d9b4359b2b866b116cf96863e3055fa512a87d94c43bcca20d89990c7ed41a96,夏至,12,bedA,73.2,射线越过室内顶界；未穿窗,
R2,d9b4359b2b866b116cf96863e3055fa512a87d94c43bcca20d89990c7ed41a96,夏至,12,bedB,73.2,射线越过室内顶界；未穿窗,
R2,d9b4359b2b866b116cf96863e3055fa512a87d94c43bcca20d89990c7ed41a96,夏至,12,bedC,73.2,射线越过室内顶界；未穿窗,
R2,d9b4359b2b866b116cf96863e3055fa512a87d94c43bcca20d89990c7ed41a96,夏至,13,bedA,70.8,射线越过室内顶界；未穿窗,
R2,d9b4359b2b866b116cf96863e3055fa512a87d94c43bcca20d89990c7ed41a96,夏至,13,bedB,70.8,射线越过室内顶界；未穿窗,
R2,d9b4359b2b866b116cf96863e3055fa512a87d94c43bcca20d89990c7ed41a96,夏至,13,bedC,70.8,射线越过室内顶界；未穿窗,
R2,d9b4359b2b866b116cf96863e3055fa512a87d94c43bcca20d89990c7ed41a96,夏至,14,bedA,62.2,射线越过室内顶界；未穿窗,
R2,d9b4359b2b866b116cf96863e3055fa512a87d94c43bcca20d89990c7ed41a96,夏至,14,bedB,62.2,射线越过室内顶界；未穿窗,
R2,d9b4359b2b866b116cf96863e3055fa512a87d94c43bcca20d89990c7ed41a96,夏至,14,bedC,62.2,射线越过室内顶界；未穿窗,
R2,d9b4359b2b866b116cf96863e3055fa512a87d94c43bcca20d89990c7ed41a96,夏至,15,bedA,51.5,墙/门遮挡,west_AB
R2,d9b4359b2b866b116cf96863e3055fa512a87d94c43bcca20d89990c7ed41a96,夏至,15,bedB,51.5,射线越过室内顶界；未穿窗,
R2,d9b4359b2b866b116cf96863e3055fa512a87d94c43bcca20d89990c7ed41a96,夏至,15,bedC,51.5,墙/门遮挡,A_C
R2,d9b4359b2b866b116cf96863e3055fa512a87d94c43bcca20d89990c7ed41a96,夏至,16,bedA,40.1,墙/门遮挡,west_AB
R2,d9b4359b2b866b116cf96863e3055fa512a87d94c43bcca20d89990c7ed41a96,夏至,16,bedB,40.1,墙/门遮挡,west_AB
R2,d9b4359b2b866b116cf96863e3055fa512a87d94c43bcca20d89990c7ed41a96,夏至,16,bedC,40.1,墙/门遮挡,A_C
R2,d9b4359b2b866b116cf96863e3055fa512a87d94c43bcca20d89990c7ed41a96,夏至,17,bedA,28.6,墙/门遮挡,west_AB
R2,d9b4359b2b866b116cf96863e3055fa512a87d94c43bcca20d89990c7ed41a96,夏至,17,bedB,28.6,墙/门遮挡,west_AB
R2,d9b4359b2b866b116cf96863e3055fa512a87d94c43bcca20d89990c7ed41a96,夏至,17,bedC,28.6,墙/门遮挡,step_C
R2,d9b4359b2b866b116cf96863e3055fa512a87d94c43bcca20d89990c7ed41a96,夏至,18,bedA,17.4,墙/门遮挡,west_AB
R2,d9b4359b2b866b116cf96863e3055fa512a87d94c43bcca20d89990c7ed41a96,夏至,18,bedB,17.4,墙/门遮挡,A_south
R2,d9b4359b2b866b116cf96863e3055fa512a87d94c43bcca20d89990c7ed41a96,夏至,18,bedC,17.4,墙/门遮挡,step_C
R2,d9b4359b2b866b116cf96863e3055fa512a87d94c43bcca20d89990c7ed41a96,秋分,6,bedA,-2.7,太阳在地平线下,
R2,d9b4359b2b866b116cf96863e3055fa512a87d94c43bcca20d89990c7ed41a96,秋分,6,bedB,-2.7,太阳在地平线下,
R2,d9b4359b2b866b116cf96863e3055fa512a87d94c43bcca20d89990c7ed41a96,秋分,6,bedC,-2.7,太阳在地平线下,
R2,d9b4359b2b866b116cf96863e3055fa512a87d94c43bcca20d89990c7ed41a96,秋分,7,bedA,8.8,墙/门遮挡,A_C
R2,d9b4359b2b866b116cf96863e3055fa512a87d94c43bcca20d89990c7ed41a96,秋分,7,bedB,8.8,墙/门遮挡,bath_north
R2,d9b4359b2b866b116cf96863e3055fa512a87d94c43bcca20d89990c7ed41a96,秋分,7,bedC,8.8,墙/门遮挡,C_east
R2,d9b4359b2b866b116cf96863e3055fa512a87d94c43bcca20d89990c7ed41a96,秋分,8,bedA,20.0,墙/门遮挡,A_C
R2,d9b4359b2b866b116cf96863e3055fa512a87d94c43bcca20d89990c7ed41a96,秋分,8,bedB,20.0,墙/门遮挡,AB_east
R2,d9b4359b2b866b116cf96863e3055fa512a87d94c43bcca20d89990c7ed41a96,秋分,8,bedC,20.0,墙/门遮挡,C_east
R2,d9b4359b2b866b116cf96863e3055fa512a87d94c43bcca20d89990c7ed41a96,秋分,9,bedA,30.5,射线越过室内顶界；未穿窗,
R2,d9b4359b2b866b116cf96863e3055fa512a87d94c43bcca20d89990c7ed41a96,秋分,9,bedB,30.5,射线越过室内顶界；未穿窗,
R2,d9b4359b2b866b116cf96863e3055fa512a87d94c43bcca20d89990c7ed41a96,秋分,9,bedC,30.5,墙/门遮挡,C_east
R2,d9b4359b2b866b116cf96863e3055fa512a87d94c43bcca20d89990c7ed41a96,秋分,10,bedA,39.7,射线越过室内顶界；未穿窗,
R2,d9b4359b2b866b116cf96863e3055fa512a87d94c43bcca20d89990c7ed41a96,秋分,10,bedB,39.7,射线越过室内顶界；未穿窗,
R2,d9b4359b2b866b116cf96863e3055fa512a87d94c43bcca20d89990c7ed41a96,秋分,10,bedC,39.7,墙/门遮挡,C_east
R2,d9b4359b2b866b116cf96863e3055fa512a87d94c43bcca20d89990c7ed41a96,秋分,11,bedA,46.6,射线越过室内顶界；未穿窗,
R2,d9b4359b2b866b116cf96863e3055fa512a87d94c43bcca20d89990c7ed41a96,秋分,11,bedB,46.6,射线越过室内顶界；未穿窗,
R2,d9b4359b2b866b116cf96863e3055fa512a87d94c43bcca20d89990c7ed41a96,秋分,11,bedC,46.6,射线越过室内顶界；未穿窗,
R2,d9b4359b2b866b116cf96863e3055fa512a87d94c43bcca20d89990c7ed41a96,秋分,12,bedA,49.9,射线越过室内顶界；未穿窗,
R2,d9b4359b2b866b116cf96863e3055fa512a87d94c43bcca20d89990c7ed41a96,秋分,12,bedB,49.9,射线越过室内顶界；未穿窗,
R2,d9b4359b2b866b116cf96863e3055fa512a87d94c43bcca20d89990c7ed41a96,秋分,12,bedC,49.9,射线越过室内顶界；未穿窗,
R2,d9b4359b2b866b116cf96863e3055fa512a87d94c43bcca20d89990c7ed41a96,秋分,13,bedA,48.6,射线越过室内顶界；未穿窗,
R2,d9b4359b2b866b116cf96863e3055fa512a87d94c43bcca20d89990c7ed41a96,秋分,13,bedB,48.6,射线越过室内顶界；未穿窗,
R2,d9b4359b2b866b116cf96863e3055fa512a87d94c43bcca20d89990c7ed41a96,秋分,13,bedC,48.6,射线越过室内顶界；未穿窗,
R2,d9b4359b2b866b116cf96863e3055fa512a87d94c43bcca20d89990c7ed41a96,秋分,14,bedA,43.3,玻璃可达,west_AB
R2,d9b4359b2b866b116cf96863e3055fa512a87d94c43bcca20d89990c7ed41a96,秋分,14,bedB,43.3,射线越过室内顶界；未穿窗,
R2,d9b4359b2b866b116cf96863e3055fa512a87d94c43bcca20d89990c7ed41a96,秋分,14,bedC,43.3,射线越过室内顶界；未穿窗,
R2,d9b4359b2b866b116cf96863e3055fa512a87d94c43bcca20d89990c7ed41a96,秋分,15,bedA,35.0,墙/门遮挡,west_AB
R2,d9b4359b2b866b116cf96863e3055fa512a87d94c43bcca20d89990c7ed41a96,秋分,15,bedB,35.0,墙/门遮挡,west_AB
R2,d9b4359b2b866b116cf96863e3055fa512a87d94c43bcca20d89990c7ed41a96,秋分,15,bedC,35.0,墙/门遮挡,A_C
R2,d9b4359b2b866b116cf96863e3055fa512a87d94c43bcca20d89990c7ed41a96,秋分,16,bedA,25.0,墙/门遮挡,west_AB
R2,d9b4359b2b866b116cf96863e3055fa512a87d94c43bcca20d89990c7ed41a96,秋分,16,bedB,25.0,墙/门遮挡,west_AB
R2,d9b4359b2b866b116cf96863e3055fa512a87d94c43bcca20d89990c7ed41a96,秋分,16,bedC,25.0,墙/门遮挡,A_C
R2,d9b4359b2b866b116cf96863e3055fa512a87d94c43bcca20d89990c7ed41a96,秋分,17,bedA,14.1,墙/门遮挡,west_AB
R2,d9b4359b2b866b116cf96863e3055fa512a87d94c43bcca20d89990c7ed41a96,秋分,17,bedB,14.1,墙/门遮挡,west_AB
R2,d9b4359b2b866b116cf96863e3055fa512a87d94c43bcca20d89990c7ed41a96,秋分,17,bedC,14.1,墙/门遮挡,A_C
R2,d9b4359b2b866b116cf96863e3055fa512a87d94c43bcca20d89990c7ed41a96,秋分,18,bedA,2.7,墙/门遮挡,west_AB
R2,d9b4359b2b866b116cf96863e3055fa512a87d94c43bcca20d89990c7ed41a96,秋分,18,bedB,2.7,墙/门遮挡,west_AB
R2,d9b4359b2b866b116cf96863e3055fa512a87d94c43bcca20d89990c7ed41a96,秋分,18,bedC,2.7,墙/门遮挡,A_C
R2,d9b4359b2b866b116cf96863e3055fa512a87d94c43bcca20d89990c7ed41a96,冬至,6,bedA,-17.4,太阳在地平线下,
R2,d9b4359b2b866b116cf96863e3055fa512a87d94c43bcca20d89990c7ed41a96,冬至,6,bedB,-17.4,太阳在地平线下,
R2,d9b4359b2b866b116cf96863e3055fa512a87d94c43bcca20d89990c7ed41a96,冬至,6,bedC,-17.4,太阳在地平线下,
R2,d9b4359b2b866b116cf96863e3055fa512a87d94c43bcca20d89990c7ed41a96,冬至,7,bedA,-6.6,太阳在地平线下,
R2,d9b4359b2b866b116cf96863e3055fa512a87d94c43bcca20d89990c7ed41a96,冬至,7,bedB,-6.6,太阳在地平线下,
R2,d9b4359b2b866b116cf96863e3055fa512a87d94c43bcca20d89990c7ed41a96,冬至,7,bedC,-6.6,太阳在地平线下,
R2,d9b4359b2b866b116cf96863e3055fa512a87d94c43bcca20d89990c7ed41a96,冬至,8,bedA,3.3,墙/门遮挡,A_south
R2,d9b4359b2b866b116cf96863e3055fa512a87d94c43bcca20d89990c7ed41a96,冬至,8,bedB,3.3,墙/门遮挡,bath_AB
R2,d9b4359b2b866b116cf96863e3055fa512a87d94c43bcca20d89990c7ed41a96,冬至,8,bedC,3.3,墙/门遮挡,C_east
R2,d9b4359b2b866b116cf96863e3055fa512a87d94c43bcca20d89990c7ed41a96,冬至,9,bedA,12.1,墙/门遮挡,A_south
R2,d9b4359b2b866b116cf96863e3055fa512a87d94c43bcca20d89990c7ed41a96,冬至,9,bedB,12.1,墙/门遮挡,AB_east
R2,d9b4359b2b866b116cf96863e3055fa512a87d94c43bcca20d89990c7ed41a96,冬至,9,bedC,12.1,墙/门遮挡,C_east
R2,d9b4359b2b866b116cf96863e3055fa512a87d94c43bcca20d89990c7ed41a96,冬至,10,bedA,19.3,墙/门遮挡,A_south
R2,d9b4359b2b866b116cf96863e3055fa512a87d94c43bcca20d89990c7ed41a96,冬至,10,bedB,19.3,墙/门遮挡,AB_east
R2,d9b4359b2b866b116cf96863e3055fa512a87d94c43bcca20d89990c7ed41a96,冬至,10,bedC,19.3,墙/门遮挡,C_east
R2,d9b4359b2b866b116cf96863e3055fa512a87d94c43bcca20d89990c7ed41a96,冬至,11,bedA,24.3,墙/门遮挡,A_south
R2,d9b4359b2b866b116cf96863e3055fa512a87d94c43bcca20d89990c7ed41a96,冬至,11,bedB,24.3,墙/门遮挡,south_main
R2,d9b4359b2b866b116cf96863e3055fa512a87d94c43bcca20d89990c7ed41a96,冬至,11,bedC,24.3,墙/门遮挡,C_south
R2,d9b4359b2b866b116cf96863e3055fa512a87d94c43bcca20d89990c7ed41a96,冬至,12,bedA,26.5,墙/门遮挡,A_south
R2,d9b4359b2b866b116cf96863e3055fa512a87d94c43bcca20d89990c7ed41a96,冬至,12,bedB,26.5,墙/门遮挡,south_main
R2,d9b4359b2b866b116cf96863e3055fa512a87d94c43bcca20d89990c7ed41a96,冬至,12,bedC,26.5,墙/门遮挡,C_south
R2,d9b4359b2b866b116cf96863e3055fa512a87d94c43bcca20d89990c7ed41a96,冬至,13,bedA,25.7,墙/门遮挡,A_south
R2,d9b4359b2b866b116cf96863e3055fa512a87d94c43bcca20d89990c7ed41a96,冬至,13,bedB,25.7,墙/门遮挡,south_main
R2,d9b4359b2b866b116cf96863e3055fa512a87d94c43bcca20d89990c7ed41a96,冬至,13,bedC,25.7,墙/门遮挡,C_south
R2,d9b4359b2b866b116cf96863e3055fa512a87d94c43bcca20d89990c7ed41a96,冬至,14,bedA,21.9,玻璃可达,west_AB
R2,d9b4359b2b866b116cf96863e3055fa512a87d94c43bcca20d89990c7ed41a96,冬至,14,bedB,21.9,墙/门遮挡,south_B
R2,d9b4359b2b866b116cf96863e3055fa512a87d94c43bcca20d89990c7ed41a96,冬至,14,bedC,21.9,墙/门遮挡,A_C
R2,d9b4359b2b866b116cf96863e3055fa512a87d94c43bcca20d89990c7ed41a96,冬至,15,bedA,15.7,玻璃可达,west_AB
R2,d9b4359b2b866b116cf96863e3055fa512a87d94c43bcca20d89990c7ed41a96,冬至,15,bedB,15.7,墙/门遮挡,west_AB
R2,d9b4359b2b866b116cf96863e3055fa512a87d94c43bcca20d89990c7ed41a96,冬至,15,bedC,15.7,墙/门遮挡,A_C
R2,d9b4359b2b866b116cf96863e3055fa512a87d94c43bcca20d89990c7ed41a96,冬至,16,bedA,7.6,墙/门遮挡,west_AB
R2,d9b4359b2b866b116cf96863e3055fa512a87d94c43bcca20d89990c7ed41a96,冬至,16,bedB,7.6,墙/门遮挡,west_AB
R2,d9b4359b2b866b116cf96863e3055fa512a87d94c43bcca20d89990c7ed41a96,冬至,16,bedC,7.6,墙/门遮挡,A_C
R2,d9b4359b2b866b116cf96863e3055fa512a87d94c43bcca20d89990c7ed41a96,冬至,17,bedA,-1.9,太阳在地平线下,
R2,d9b4359b2b866b116cf96863e3055fa512a87d94c43bcca20d89990c7ed41a96,冬至,17,bedB,-1.9,太阳在地平线下,
R2,d9b4359b2b866b116cf96863e3055fa512a87d94c43bcca20d89990c7ed41a96,冬至,17,bedC,-1.9,太阳在地平线下,
R2,d9b4359b2b866b116cf96863e3055fa512a87d94c43bcca20d89990c7ed41a96,冬至,18,bedA,-12.3,太阳在地平线下,
R2,d9b4359b2b866b116cf96863e3055fa512a87d94c43bcca20d89990c7ed41a96,冬至,18,bedB,-12.3,太阳在地平线下,
R2,d9b4359b2b866b116cf96863e3055fa512a87d94c43bcca20d89990c7ed41a96,冬至,18,bedC,-12.3,太阳在地平线下,
